"id","name","birthday","email"
1,"Whitby","2022-04-06","wcroutear0@imageshack.us"
2,"Slade","2022-01-11","sdrohan1@altervista.org"
3,"Persis","2022-02-15","pbitten2@apache.org"
4,"Gaynor",NULL,"gpreuvost3@pinterest.com"
5,"Riobard","2021-07-09","rselborne4@is.gd"
6,"Clerissa","2021-09-18","croberto5@sciencedirect.com"
7,"Siffre","2022-04-26","smerriton6@examiner.com"
8,"Dallas","2021-06-10","dwharlton7@independent.co.uk"
9,"Stanford","2021-11-21","sromero8@creativecommons.org"
10,"Joelynn",NULL,"jcutler9@phpbb.com"
11,"Cati","2022-01-06","csimonarda@github.com"
12,"Tomaso","2021-07-29","traistrickb@sohu.com"
13,"Aldin","2022-01-10","atyrerc@ehow.com"
NULL,"Bernete","2021-12-08",NULL
15,"Dorey","2022-06-08","dcrummiee@ebay.co.uk"
16,"Henrieta","2021-11-20","htwohigf@ning.com"
17,"Reggie","2021-07-12","rleheudeg@wordpress.com"
18,"Fidela","2022-03-20","fpimerh@bizjournals.com"
19,"Jordan","2022-03-17","jcrosselandi@so-net.ne.jp"
20,"Paquito","2022-02-13","pmuckianj@miibeian.gov.cn"
21,"Lexi","2021-12-04","ldoersk@diigo.com"
22,"Corena",NULL,"cameryl@discovery.com"
23,"Deanne","2021-08-14","delmanm@indiatimes.com"
24,"Kerby","2021-08-18","keyern@tinypic.com"
25,"Clemmy","2022-03-13","cnaulo@g.co"
NULL,"Dore","2022-02-16",NULL
27,"Duke",NULL,"dconnettq@opensource.org"
28,"Tades","2022-05-30","tdanelutr@merriam-webster.com"
29,"Tamma","2021-07-18","tdovestons@webeden.co.uk"
30,"Hugh","2022-05-03","hdelieut@altervista.org"
31,"Ayn","2022-02-22","abentingu@wordpress.org"
32,"Lorrayne","2021-09-28","lmccreeryv@google.co.uk"
33,"Nicola","2022-01-16","nstanneyw@who.int"
NULL,"Bernadene","2021-08-08",NULL
35,"Preston","2022-01-09","pteary@stumbleupon.com"
36,"Lyda","2022-04-08","lkeaysz@furl.net"
37,"Irita","2021-10-27","icordsen10@dell.com"
38,"Krystalle","2021-07-01","karrington11@wikipedia.org"
39,"Ulrica",NULL,"uadamovich12@time.com"
40,"Lalo","2022-01-12","lchang13@cmu.edu"
41,"Ezri","2021-11-15","ethomasson14@jigsy.com"
42,"Dorotea","2021-09-21","dnapoleone15@deliciousdays.com"
43,"Venus","2021-12-24","vhandley16@accuweather.com"
44,"Abagael","2021-08-31","arenne17@naver.com"
45,"Inigo","2022-05-14","ibarrasse18@naver.com"
46,"Crawford","2021-08-29","cklessmann19@tamu.edu"
47,"Danila","2022-03-03","djessep1a@vistaprint.com"
48,"Waite","2021-09-05","wburness1b@theatlantic.com"
49,"Lawry","2022-01-17","larnhold1c@tinypic.com"
NULL,"Agustin","2022-04-04",NULL
